pair,pH,diff,lwr,upr,p adj,fun,opp
v:A-s:A,7,-0.09813945573785718,-0.1327359473779319,-0.06354296409778246,2.0932899857939447e-10,A,A
