pair,diff,lwr,upr,p adj,fun,opp,key
7:A-5:A,8.183928571428574,5.073494625535785,11.294362517321362,5.1443849180543566e-11,A,A,K
7:C-5:C,3.3700000000000054,0.6822778849524394,6.0577221150475715,0.0039477460263027675,C,C,K
7:H-5:H,10.490000000000002,7.728628026318567,13.251371973681437,2.4981350321695572e-11,H,H,K
7:L-5:L,4.606666666666666,1.8452946929852305,7.3680386403481,2.487948313978361e-5,L,L,K
